id;name;price_usd;size;support;of_players;genre;system;publisher;developer;languages;release_date;release_year;release_month;source;file_name;load_ts;load_expired;load_staging;is_deleted;date_sk
100;Nintendo Switch™ Sports;39.99;Nintendo Switch: 3.2 GB , Nintendo Switch 2: 3.2 GB;TV mode , Tabletop mode;Single System (1-4) , Online (1-2);Action , Party , Sports;Nintendo Switch;Nintendo;Nintendo;Japanese, British English, French, German, Italian, Spanish, Korean, Dutch, Portuguese, Russian, Simplified Chinese, Latin American Spanish, Canadian French, Traditional Chinese, American English;2022-04-29;2022;4;nintendo;nintendo_details_2025-11-23.csv;2025-11-23 13:58:43;9999-12-31 23:59:59;2025-11-23 13:58:43;0;6328
101;Kirby™ and the Forgotten Land;59.99;Nintendo Switch: 5.8 GB , Nintendo Switch 2: 5.9 GB;TV mode , Tabletop mode , Handheld mode;Single System (1-2);Action , Adventure;Nintendo Switch;Nintendo;Nintendo;Japanese, British English, French, German, Italian, Spanish, Korean, Dutch, Simplified Chinese, Latin American Spanish, Canadian French, Traditional Chinese, American English;2022-03-25;2022;3;nintendo;nintendo_details_2025-11-23.csv;2025-11-23 13:58:43;9999-12-31 23:59:59;2025-11-23 13:58:43;0;6293
102;Pokémon™ Legends: Arceus;59.99;Nintendo Switch: 6.1 GB , Nintendo Switch 2: 6.1 GB;TV mode , Tabletop mode , Handheld mode;;Action , Role playing;Nintendo Switch;Nintendo;Nintendo;Japanese, French, German, Italian, Spanish, Korean, Simplified Chinese, Traditional Chinese, American English;2022-01-28;2022;1;nintendo;nintendo_details_2025-11-23.csv;2025-11-23 13:58:43;9999-12-31 23:59:59;2025-11-23 13:58:43;0;6237
103;Big Brain Academy™: Brain vs. Brain;29.99;Nintendo Switch: 720 MB , Nintendo Switch 2: 805 MB;TV mode , Tabletop mode , Handheld mode;Single System (1-4) , Online (1-);Training;Nintendo Switch;Nintendo;Nintendo;Japanese, British English, French, German, Italian, Spanish, Korean, Dutch, Russian, Simplified Chinese, Latin American Spanish, Canadian French, Traditional Chinese, American English;2021-12-03;2021;12;nintendo;nintendo_details_2025-11-23.csv;2025-11-23 13:58:43;9999-12-31 23:59:59;2025-11-23 13:58:43;0;6181
104;Pokémon™ Brilliant Diamond and Pokémon™ Shining Pearl Double Pack;119.99;;;;Role playing;Nintendo Switch;Nintendo;;;2021-11-19;2021;11;nintendo;nintendo_details_2025-11-23.csv;2025-11-23 13:58:43;9999-12-31 23:59:59;2025-11-23 13:58:43;0;6167
105;Pokémon™ Shining Pearl;59.99;Nintendo Switch: 6.9 GB , Nintendo Switch 2: 6.9 GB;TV mode , Tabletop mode , Handheld mode;;Role playing;Nintendo Switch;Nintendo;Nintendo;Japanese, French, German, Italian, Spanish, Korean, Simplified Chinese, Traditional Chinese, American English;2021-11-19;2021;11;nintendo;nintendo_details_2025-11-23.csv;2025-11-23 13:58:43;9999-12-31 23:59:59;2025-11-23 13:58:43;0;6167
106;Pokémon™ Brilliant Diamond;59.99;Nintendo Switch: 6.9 GB , Nintendo Switch 2: 6.9 GB;TV mode , Tabletop mode , Handheld mode;;Role playing;Nintendo Switch;Nintendo;Nintendo;Japanese, French, German, Italian, Spanish, Korean, Simplified Chinese, Traditional Chinese, American English;2021-11-19;2021;11;nintendo;nintendo_details_2025-11-23.csv;2025-11-23 13:58:43;9999-12-31 23:59:59;2025-11-23 13:58:43;0;6167
107;Mario Party™ Superstars;59.99;Nintendo Switch: 2.9 GB , Nintendo Switch 2: 2.9 GB;TV mode , Tabletop mode , Handheld mode;Single System (1-4) , Online (1-4);Action , Party , Tabletop;Nintendo Switch;Nintendo;;Japanese, French, German, Italian, Spanish, Korean, Dutch, Russian, Simplified Chinese, Latin American Spanish, Canadian French, Brazilian Portuguese, Traditional Chinese, American English;2021-10-29;2021;10;nintendo;nintendo_details_2025-11-23.csv;2025-11-23 13:58:43;9999-12-31 23:59:59;2025-11-23 13:58:43;0;6146
108;SEGA Genesis™ – Nintendo Switch Online;0.00;Nintendo Switch: 226 MB , Nintendo Switch 2: 226 MB;TV mode , Tabletop mode , Handheld mode;Single System (1-2) , Online (2-);;Nintendo Switch;Nintendo;;British English, French, German, Italian, Spanish, Korean, Dutch, Portuguese, Russian, Latin American Spanish, Canadian French, Brazilian Portuguese, American English;2021-10-25;2021;10;nintendo;nintendo_details_2025-11-23.csv;2025-11-23 13:58:43;9999-12-31 23:59:59;2025-11-23 13:58:43;0;6142
109;Nintendo 64™ – Nintendo Classics;0.00;Nintendo Switch: 1.8 GB , Nintendo Switch 2: 1.9 GB;TV mode , Tabletop mode , Handheld mode;Single System (1-4) , Online (2-4);;Nintendo Switch;Nintendo;;British English, French, German, Italian, Spanish, Korean, Dutch, Portuguese, Russian, Latin American Spanish, Canadian French, Brazilian Portuguese, American English;2021-10-25;2021;10;nintendo;nintendo_details_2025-11-23.csv;2025-11-23 13:58:43;9999-12-31 23:59:59;2025-11-23 13:58:43;0;6142
110;Metroid™ Dread;59.99;Nintendo Switch: 4.3 GB , Nintendo Switch 2: 4.3 GB;TV mode , Tabletop mode , Handheld mode;;Action , Adventure , Shooting;Nintendo Switch;Nintendo;;Japanese, French, German, Italian, Spanish, Korean, Dutch, Russian, Simplified Chinese, Latin American Spanish, Canadian French, Traditional Chinese, American English;2021-10-08;2021;10;nintendo;nintendo_details_2025-11-23.csv;2025-11-23 13:58:43;9999-12-31 23:59:59;2025-11-23 13:58:43;0;6125
111;WarioWare™: Get It Together!;49.99;Nintendo Switch: 1.3 GB , Nintendo Switch 2: 1.3 GB;TV mode , Tabletop mode , Handheld mode;Single System (1-4);Action , Party;Nintendo Switch;Nintendo;;Japanese, British English, French, German, Italian, Spanish, Korean, Dutch, Russian, Simplified Chinese, Latin American Spanish, Canadian French, Traditional Chinese, American English;2021-09-10;2021;9;nintendo;nintendo_details_2025-11-23.csv;2025-11-23 13:58:43;9999-12-31 23:59:59;2025-11-23 13:58:43;0;6097
112;The Legend of Zelda™: Skyward Sword HD;59.99;Nintendo Switch: 7.1 GB , Nintendo Switch 2: 7.1 GB;TV mode , Tabletop mode , Handheld mode;;Action , Adventure;Nintendo Switch;Nintendo;;Japanese, British English, French, German, Italian, Spanish, Korean, Dutch, Russian, Simplified Chinese, Latin American Spanish, Canadian French, Traditional Chinese, American English;2021-07-16;2021;7;nintendo;nintendo_details_2025-11-23.csv;2025-11-23 13:58:43;9999-12-31 23:59:59;2025-11-23 13:58:43;0;6041
113;Mario Golf™: Super Rush;59.99;Nintendo Switch: 4.2 GB , Nintendo Switch 2: 4.2 GB;TV mode , Tabletop mode , Handheld mode;Single System (1-4) , Online (2-4);Action , Party , Sports;Nintendo Switch;Nintendo;Nintendo;Japanese, French, German, Italian, Spanish, Korean, Dutch, Russian, Simplified Chinese, Latin American Spanish, Canadian French, Traditional Chinese, American English;2021-06-25;2021;6;nintendo;nintendo_details_2025-11-23.csv;2025-11-23 13:58:43;9999-12-31 23:59:59;2025-11-23 13:58:43;0;6020
114;Game Builder Garage™;29.99;Nintendo Switch: 1 GB , Nintendo Switch 2: 1.1 GB;TV mode , Tabletop mode , Handheld mode;;Application , Education;Nintendo Switch;Nintendo;;Japanese, British English, French, German, Italian, Spanish, Korean, Dutch, Simplified Chinese, Latin American Spanish, Canadian French, Traditional Chinese, American English;2021-06-11;2021;6;nintendo;nintendo_details_2025-11-23.csv;2025-11-23 13:58:43;9999-12-31 23:59:59;2025-11-23 13:58:43;0;6006
115;DC Super Hero Girls™: Teen Power;59.99;Nintendo Switch: 2 GB , Nintendo Switch 2: 2 GB;TV mode , Tabletop mode , Handheld mode;;Action , Adventure;Nintendo Switch;Nintendo;;Japanese, German, Italian, Latin American Spanish, Canadian French, American English;2021-06-04;2021;6;nintendo;nintendo_details_2025-11-23.csv;2025-11-23 13:58:43;9999-12-31 23:59:59;2025-11-23 13:58:43;0;5999
116;Miitopia™;49.99;Nintendo Switch: 3.1 GB , Nintendo Switch 2: 3.1 GB;TV mode , Tabletop mode , Handheld mode;;Role playing;Nintendo Switch;Nintendo;;Japanese, British English, French, German, Italian, Spanish, Korean, Dutch, Simplified Chinese, Latin American Spanish, Canadian French, Traditional Chinese, American English;2021-05-21;2021;5;nintendo;nintendo_details_2025-11-23.csv;2025-11-23 13:58:43;9999-12-31 23:59:59;2025-11-23 13:58:43;0;5985
117;Famicom Detective Club™: The Two-Case Collection;59.98;;;;Narrative adventure;Nintendo Switch;Nintendo;;;2021-05-14;2021;5;nintendo;nintendo_details_2025-11-23.csv;2025-11-23 13:58:43;9999-12-31 23:59:59;2025-11-23 13:58:43;0;5978
118;Famicom Detective Club™: The Missing Heir;34.99;Nintendo Switch: 1.6 GB , Nintendo Switch 2: 1.6 GB;TV mode , Tabletop mode , Handheld mode;;Narrative adventure;Nintendo Switch;Nintendo;;American English;2021-05-14;2021;5;nintendo;nintendo_details_2025-11-23.csv;2025-11-23 13:58:43;9999-12-31 23:59:59;2025-11-23 13:58:43;0;5978
119;Famicom Detective Club™: The Girl Who Stands Behind;34.99;Nintendo Switch: 1.9 GB , Nintendo Switch 2: 1.9 GB;TV mode , Tabletop mode , Handheld mode;;Narrative adventure;Nintendo Switch;Nintendo;;American English;2021-05-14;2021;5;nintendo;nintendo_details_2025-11-23.csv;2025-11-23 13:58:43;9999-12-31 23:59:59;2025-11-23 13:58:43;0;5978
120;New Pokémon Snap™;59.99;Nintendo Switch: 6.9 GB , Nintendo Switch 2: 6.9 GB;TV mode , Tabletop mode , Handheld mode;;Action;Nintendo Switch;Nintendo;;Japanese, French, German, Italian, Spanish, Korean, Simplified Chinese, Traditional Chinese, American English;2021-04-30;2021;4;nintendo;nintendo_details_2025-11-23.csv;2025-11-23 13:58:43;9999-12-31 23:59:59;2025-11-23 13:58:43;0;5964
121;BRAVELY DEFAULT™ II;59.99;Nintendo Switch: 12.4 GB , Nintendo Switch 2: 12.4 GB;TV mode , Tabletop mode , Handheld mode;;Role playing;Nintendo Switch;Nintendo;;Japanese, British English, French, German, Italian, Spanish, Korean, Simplified Chinese, Traditional Chinese, American English;2021-02-26;2021;2;nintendo;nintendo_details_2025-11-23.csv;2025-11-23 13:58:43;9999-12-31 23:59:59;2025-11-23 13:58:43;0;5901
122;Super Mario™ 3D World + Bowser’s Fury;59.99;Nintendo Switch: 3 GB , Nintendo Switch 2: 3 GB;TV mode , Tabletop mode , Handheld mode;Single System (1-4) , Online (2-4);Action , Adventure;Nintendo Switch;Nintendo;;Japanese, British English, French, German, Italian, Spanish, Korean, Dutch, Portuguese, Russian, Simplified Chinese, Latin American Spanish, Canadian French, Traditional Chinese, American English;2021-02-12;2021;2;nintendo;nintendo_details_2025-11-23.csv;2025-11-23 13:58:43;9999-12-31 23:59:59;2025-11-23 13:58:43;0;5887
123;Fitness Boxing 2: Rhythm & Exercise;49.99;Nintendo Switch: 3.8 GB , Nintendo Switch 2: 3.8 GB;TV mode , Tabletop mode;Single System (1-2);Sports , Training;Nintendo Switch;Nintendo;;Japanese, French, German, Italian, Spanish, Korean, Simplified Chinese, Traditional Chinese, American English;2020-12-04;2020;12;nintendo;nintendo_details_2025-11-23.csv;2025-11-23 13:58:43;9999-12-31 23:59:59;2025-11-23 13:58:43;0;5817
124;Hyrule Warriors: Age of Calamity;59.99;Nintendo Switch: 11.1 GB , Nintendo Switch 2: 11.1 GB;TV mode , Tabletop mode , Handheld mode;Single System (1-2);Action;Nintendo Switch;Nintendo;;Japanese, German, Italian, Spanish, Korean, Dutch, Simplified Chinese, Latin American Spanish, Canadian French, Traditional Chinese, American English;2020-11-20;2020;11;nintendo;nintendo_details_2025-11-23.csv;2025-11-23 13:58:43;9999-12-31 23:59:59;2025-11-23 13:58:43;0;5803
125;Animal Crossing: New Horizons Island Transfer Tool;0.00;Nintendo Switch: 46 MB , Nintendo Switch 2: 46 MB;TV mode , Tabletop mode , Handheld mode;;Application;Nintendo Switch;Nintendo;;Japanese, British English, French, German, Italian, Spanish, Korean, Dutch, Russian, Simplified Chinese, Latin American Spanish, Canadian French, Traditional Chinese, American English;2020-11-18;2020;11;nintendo;nintendo_details_2025-11-23.csv;2025-11-23 13:58:43;9999-12-31 23:59:59;2025-11-23 13:58:43;0;5801
126;Pikmin™ 3 Deluxe;59.99;Nintendo Switch: 6.5 GB , Nintendo Switch 2: 6.5 GB;TV mode , Tabletop mode , Handheld mode;Single System (1-2);Action , Adventure , Strategy;Nintendo Switch;Nintendo;;Japanese, British English, French, German, Italian, Spanish, Korean, Simplified Chinese, Latin American Spanish, Canadian French, Traditional Chinese, American English;2020-10-30;2020;10;nintendo;nintendo_details_2025-11-23.csv;2025-11-23 13:58:43;9999-12-31 23:59:59;2025-11-23 13:58:43;0;5782
127;Part Time UFO™;8.99;Nintendo Switch: 194 MB , Nintendo Switch 2: 194 MB;TV mode , Tabletop mode , Handheld mode;Single System (1-2);Action;Nintendo Switch;Nintendo;;Japanese, British English, French, German, Italian, Spanish, Korean, Simplified Chinese, Latin American Spanish, Canadian French, Traditional Chinese, American English;2020-10-28;2020;10;nintendo;nintendo_details_2025-11-23.csv;2025-11-23 13:58:43;9999-12-31 23:59:59;2025-11-23 13:58:43;0;5780
128;Mario Kart Live: Home Circuit™;0.00;Nintendo Switch: 2 GB , Nintendo Switch 2: 2 GB;TV mode , Tabletop mode , Handheld mode;Single System (1-4);Racing;Nintendo Switch;Nintendo;;Japanese, British English, French, German, Italian, Spanish, Korean, Dutch, Simplified Chinese, Latin American Spanish, Canadian French, Traditional Chinese, American English;2020-10-16;2020;10;nintendo;nintendo_details_2025-11-23.csv;2025-11-23 13:58:43;9999-12-31 23:59:59;2025-11-23 13:58:43;0;5768
129;Kirby Fighters™ 2;19.99;Nintendo Switch: 1.1 GB , Nintendo Switch 2: 1.1 GB;TV mode , Tabletop mode , Handheld mode;Single System (1-4) , Online (2-4);Fighting;Nintendo Switch;Nintendo;;Japanese, British English, French, German, Italian, Spanish, Korean, Dutch, Simplified Chinese, Latin American Spanish, Canadian French, Traditional Chinese, American English;2020-09-23;2020;9;nintendo;nintendo_details_2025-11-23.csv;2025-11-23 13:58:43;9999-12-31 23:59:59;2025-11-23 13:58:43;0;5745
130;Paper Mario™: The Origami King;59.99;Nintendo Switch: 6.5 GB , Nintendo Switch 2: 6.5 GB;TV mode , Tabletop mode , Handheld mode;;Action , Adventure;Nintendo Switch;Nintendo;;Japanese, French, German, Italian, Spanish, Korean, Dutch, Simplified Chinese, Latin American Spanish, Canadian French, Traditional Chinese, American English;2020-07-17;2020;7;nintendo;nintendo_details_2025-11-23.csv;2025-11-23 13:58:43;9999-12-31 23:59:59;2025-11-23 13:58:43;0;5677
131;Pokémon Café ReMix;0.00;Nintendo Switch: 574 MB , Nintendo Switch 2: 574 MB;Handheld mode;;Puzzle;Nintendo Switch;Nintendo;;Japanese, German, Italian, Korean, Latin American Spanish, Canadian French, Traditional Chinese, American English;2020-06-23;2020;6;nintendo;nintendo_details_2025-11-23.csv;2025-11-23 13:58:43;9999-12-31 23:59:59;2025-11-23 13:58:43;0;5653
132;Jump Rope Challenge;0.00;Nintendo Switch: 162 MB , Nintendo Switch 2: 162 MB;TV mode , Tabletop mode;Single System (1-2);Application , Training;Nintendo Switch;Nintendo;;Japanese, British English, French, German, Italian, Spanish, Korean, Dutch, Portuguese, Russian, Simplified Chinese, Latin American Spanish, Canadian French, Traditional Chinese, American English;2020-06-15;2020;6;nintendo;nintendo_details_2025-11-23.csv;2025-11-23 13:58:43;9999-12-31 23:59:59;2025-11-23 13:58:43;0;5645
133;Clubhouse Games™: 51 Worldwide Classics;39.99;Nintendo Switch: 2.5 GB , Nintendo Switch 2: 2.5 GB;TV mode , Tabletop mode , Handheld mode;Single System (1-4) , Online (2-4);Party , Puzzle , Racing , Tabletop;Nintendo Switch;Nintendo;;Japanese, British English, French, German, Italian, Spanish, Dutch, Simplified Chinese, Latin American Spanish, Canadian French, Traditional Chinese, American English;2020-06-05;2020;6;nintendo;nintendo_details_2025-11-23.csv;2025-11-23 13:58:43;9999-12-31 23:59:59;2025-11-23 13:58:43;0;5635
134;Good Job!™;19.99;Nintendo Switch: 419 MB , Nintendo Switch 2: 419 MB;TV mode , Tabletop mode , Handheld mode;Single System (1-2);Action , Puzzle;Nintendo Switch;Nintendo;Nintendo;Japanese, British English, French, German, Italian, Spanish, Korean, Dutch, Latin American Spanish, Canadian French, American English;2020-03-26;2020;3;nintendo;nintendo_details_2025-11-23.csv;2025-11-23 13:58:43;9999-12-31 23:59:59;2025-11-23 13:58:43;0;5564
135;Animal Crossing™: New Horizons;59.99;Nintendo Switch: 10.2 GB , Nintendo Switch 2: 10.2 GB;TV mode , Tabletop mode , Handheld mode;Single System (1-4) , Online (1-8);Simulation;Nintendo Switch;Nintendo;;Japanese, British English, French, German, Italian, Spanish, Korean, Dutch, Russian, Simplified Chinese, Latin American Spanish, Canadian French, Traditional Chinese, American English;2020-03-20;2020;3;nintendo;nintendo_details_2025-11-23.csv;2025-11-23 13:58:43;9999-12-31 23:59:59;2025-11-23 13:58:43;0;5558
136;Pokémon Mystery Dungeon™: Rescue Team DX;59.99;Nintendo Switch: 2.2 GB , Nintendo Switch 2: 2.2 GB;TV mode , Tabletop mode , Handheld mode;;Role playing;Nintendo Switch;Nintendo;;Japanese, British English, French, German, Italian, Spanish, Latin American Spanish, Canadian French, American English;2020-03-06;2020;3;nintendo;nintendo_details_2025-11-23.csv;2025-11-23 13:58:43;9999-12-31 23:59:59;2025-11-23 13:58:43;0;5544
137;Pokémon™ HOME;0.00;Nintendo Switch: 1.4 GB , Nintendo Switch 2: 1.4 GB;TV mode , Tabletop mode , Handheld mode;;Application;Nintendo Switch;Nintendo;;Japanese, British English, French, German, Italian, Spanish, Korean, Simplified Chinese, Traditional Chinese, American English;2020-02-11;2020;2;nintendo;nintendo_details_2025-11-23.csv;2025-11-23 13:58:43;9999-12-31 23:59:59;2025-11-23 13:58:43;0;5520
138;Tokyo Mirage Sessions™ #FE Encore;59.99;Nintendo Switch: 11.3 GB , Nintendo Switch 2: 11.3 GB;TV mode , Tabletop mode , Handheld mode;;Role playing;Nintendo Switch;Nintendo;;Japanese, French, Simplified Chinese, Traditional Chinese, American English;2020-01-17;2020;1;nintendo;nintendo_details_2025-11-23.csv;2025-11-23 13:58:43;9999-12-31 23:59:59;2025-11-23 13:58:43;0;5495
139;Pokémon Sword and Pokémon Shield Double Pack Digital Version;119.99;Nintendo Switch: 12.4 GB , Nintendo Switch 2: 12.4 GB;TV mode , Tabletop mode , Handheld mode;;Role playing , Simulation;Nintendo Switch;Nintendo;;Japanese, French, German, Italian, Spanish, Korean, Simplified Chinese, Traditional Chinese, American English;2019-11-15;2019;11;nintendo;nintendo_details_2025-11-23.csv;2025-11-23 13:58:43;9999-12-31 23:59:59;2025-11-23 13:58:43;0;5432
140;Pokémon™ Sword;59.99;Nintendo Switch: 12.4 GB , Nintendo Switch 2: 12.4 GB;TV mode , Tabletop mode , Handheld mode;;Role playing , Simulation;Nintendo Switch;Nintendo;;Japanese, French, German, Italian, Spanish, Korean, Simplified Chinese, Traditional Chinese, American English;2019-11-15;2019;11;nintendo;nintendo_details_2025-11-23.csv;2025-11-23 13:58:43;9999-12-31 23:59:59;2025-11-23 13:58:43;0;5432
141;Pokémon™ Shield;59.99;Nintendo Switch: 12.4 GB , Nintendo Switch 2: 12.4 GB;TV mode , Tabletop mode , Handheld mode;;Role playing , Simulation;Nintendo Switch;Nintendo;;Japanese, French, German, Italian, Spanish, Korean, Simplified Chinese, Traditional Chinese, American English;2019-11-15;2019;11;nintendo;nintendo_details_2025-11-23.csv;2025-11-23 13:58:43;9999-12-31 23:59:59;2025-11-23 13:58:43;0;5432
142;The Stretchers™;19.99;Nintendo Switch: 1.9 GB , Nintendo Switch 2: 1.9 GB;TV mode , Tabletop mode , Handheld mode;Single System (1-2);Action , Puzzle;Nintendo Switch;Nintendo;Nintendo;Japanese, French, German, Italian, Spanish, Dutch, Simplified Chinese, Latin American Spanish, Canadian French, Traditional Chinese, American English;2019-11-08;2019;11;nintendo;nintendo_details_2025-11-23.csv;2025-11-23 13:58:43;9999-12-31 23:59:59;2025-11-23 13:58:43;0;5425
143;Luigi’s Mansion™ 3;59.99;Nintendo Switch: 7.4 GB , Nintendo Switch 2: 7.4 GB;TV mode , Tabletop mode , Handheld mode;Single System (1-8) , Online (1-8);Action , Adventure;Nintendo Switch;Nintendo;;Japanese, British English, French, German, Italian, Spanish, Korean, Dutch, Simplified Chinese, Latin American Spanish, Canadian French, Traditional Chinese, American English;2019-10-31;2019;10;nintendo;nintendo_details_2025-11-23.csv;2025-11-23 13:58:43;9999-12-31 23:59:59;2025-11-23 13:58:43;0;5417
144;Ring Fit Adventure;79.99;;;;;;Nintendo;Nintendo;American English;2019-10-18;2019;10;nintendo;nintendo_details_2025-11-23.csv;2025-11-23 13:58:43;9999-12-31 23:59:59;2025-11-23 13:58:43;0;5404
145;The Legend of Zelda™: Link’s Awakening;59.99;Nintendo Switch: 5.9 GB , Nintendo Switch 2: 6.1 GB;TV mode , Tabletop mode , Handheld mode;;Action , Adventure;Nintendo Switch;Nintendo;;Japanese, British English, French, German, Italian, Spanish, Korean, Dutch, Russian, Simplified Chinese, Latin American Spanish, Canadian French, Traditional Chinese, American English;2019-09-20;2019;9;nintendo;nintendo_details_2025-11-23.csv;2025-11-23 13:58:43;9999-12-31 23:59:59;2025-11-23 13:58:43;0;5376
146;DAEMON X MACHINA™;59.99;Nintendo Switch: 6.9 GB , Nintendo Switch 2: 6.9 GB;TV mode , Tabletop mode , Handheld mode;;Action , Shooting;Nintendo Switch;Nintendo;;French, German, Italian, Spanish, Korean, American English;2019-09-13;2019;9;nintendo;nintendo_details_2025-11-23.csv;2025-11-23 13:58:43;9999-12-31 23:59:59;2025-11-23 13:58:43;0;5369
147;Super Nintendo Entertainment System™ – Nintendo Classics;0.00;Nintendo Switch: 288 MB , Nintendo Switch 2: 311 MB;TV mode , Tabletop mode , Handheld mode;Single System (1-2) , Online (2-);;Nintendo Switch;Nintendo;;British English, French, German, Italian, Spanish, Korean, Dutch, Portuguese, Russian, Latin American Spanish, Canadian French, Brazilian Portuguese, American English;2019-09-05;2019;9;nintendo;nintendo_details_2025-11-23.csv;2025-11-23 13:58:43;9999-12-31 23:59:59;2025-11-23 13:58:43;0;5361
148;Super Kirby Clash™;0.00;Nintendo Switch: 1.1 GB , Nintendo Switch 2: 1.1 GB;TV mode , Tabletop mode , Handheld mode;Single System (1-4) , Online (1-4);Action;Nintendo Switch;Nintendo;;Japanese, British English, French, German, Italian, Spanish, Korean, Dutch, Simplified Chinese, Latin American Spanish, Canadian French, Traditional Chinese, American English;2019-09-04;2019;9;nintendo;nintendo_details_2025-11-23.csv;2025-11-23 13:58:43;9999-12-31 23:59:59;2025-11-23 13:58:43;0;5360
149;Sushi Striker™: The Way of Sushido;49.99;Nintendo Switch: 2.8 GB , Nintendo Switch 2: 2.8 GB;TV mode , Tabletop mode , Handheld mode;Single System (1-2) , Online (2-);Action , Puzzle;Nintendo Switch;Nintendo;;British English, French, German, Italian, Spanish, Latin American Spanish, Canadian French, American English;2018-06-08;2018;6;nintendo;nintendo_details_2025-11-23.csv;2025-11-23 13:58:43;9999-12-31 23:59:59;2025-11-23 13:58:43;0;4907
150;Pokémon™ Quest;0.00;Nintendo Switch: 271 MB , Nintendo Switch 2: 271 MB;TV mode , Tabletop mode , Handheld mode;;Action , Role playing , Strategy;Nintendo Switch;Nintendo;;Japanese, French, German, Italian, Spanish, Korean, Simplified Chinese, Latin American Spanish, Canadian French, Traditional Chinese, American English;2018-05-29;2018;5;nintendo;nintendo_details_2025-11-23.csv;2025-11-23 13:58:43;9999-12-31 23:59:59;2025-11-23 13:58:43;0;4897
151;Hyrule Warriors: Definitive Edition;59.99;Nintendo Switch: 12.9 GB , Nintendo Switch 2: 12.9 GB;TV mode , Tabletop mode , Handheld mode;Single System (1-2);Action;Nintendo Switch;Nintendo;Nintendo;Latin American Spanish, Canadian French, American English;2018-05-18;2018;5;nintendo;nintendo_details_2025-11-23.csv;2025-11-23 13:58:43;9999-12-31 23:59:59;2025-11-23 13:58:43;0;4886
152;Donkey Kong Country™: Tropical Freeze;59.99;Nintendo Switch: 6.7 GB , Nintendo Switch 2: 6.7 GB;TV mode , Tabletop mode , Handheld mode;Single System (1-2);Action;Nintendo Switch;Nintendo;Nintendo;Japanese, British English, French, German, Italian, Spanish, Latin American Spanish, Canadian French, American English;2018-05-04;2018;5;nintendo;nintendo_details_2025-11-23.csv;2025-11-23 13:58:43;9999-12-31 23:59:59;2025-11-23 13:58:43;0;4872
153;Kirby™ Star Allies;59.99;Nintendo Switch: 4 GB , Nintendo Switch 2: 4 GB;TV mode , Tabletop mode , Handheld mode;Single System (1-4);Action;Nintendo Switch;Nintendo;Nintendo;Japanese, British English, French, German, Italian, Spanish, Korean, Dutch, Simplified Chinese, Latin American Spanish, Canadian French, Traditional Chinese, American English;2018-03-16;2018;3;nintendo;nintendo_details_2025-11-23.csv;2025-11-23 13:58:43;9999-12-31 23:59:59;2025-11-23 13:58:43;0;4823
154;Dragon Quest Builders™;49.99;Nintendo Switch: 815 MB , Nintendo Switch 2: 815 MB;TV mode , Tabletop mode , Handheld mode;;Action , Role playing;Nintendo Switch;Nintendo;Nintendo;Latin American Spanish, Canadian French, American English;2018-02-09;2018;2;nintendo;nintendo_details_2025-11-23.csv;2025-11-23 13:58:43;9999-12-31 23:59:59;2025-11-23 13:58:43;0;4788
155;Xenoblade Chronicles™ 2;59.99;Nintendo Switch: 13.2 GB , Nintendo Switch 2: 13.2 GB;TV mode , Tabletop mode , Handheld mode;;Action , Role playing;Nintendo Switch;Nintendo;;British English, French, German, Italian, Spanish, Korean, Latin American Spanish, Canadian French, American English;2017-12-01;2017;12;nintendo;nintendo_details_2025-11-23.csv;2025-11-23 13:58:43;9999-12-31 23:59:59;2025-11-23 13:58:43;0;4718
156;Super Mario Odyssey™;59.99;Nintendo Switch: 5.6 GB , Nintendo Switch 2: 5.7 GB;TV mode , Tabletop mode , Handheld mode;Single System (1-2);Action , Adventure;Nintendo Switch;Nintendo;Nintendo;Japanese, British English, French, German, Italian, Spanish, Dutch, Russian, Simplified Chinese, Latin American Spanish, Canadian French, Traditional Chinese, American English;2017-10-27;2017;10;nintendo;nintendo_details_2025-11-23.csv;2025-11-23 13:58:43;9999-12-31 23:59:59;2025-11-23 13:58:43;0;4683
157;Fire Emblem Warriors;59.99;Nintendo Switch: 13.4 GB , Nintendo Switch 2: 13.4 GB;TV mode , Tabletop mode , Handheld mode;Single System (1-2);Action , Strategy;Nintendo Switch;Nintendo;;British English, French, German, Italian, Spanish, Latin American Spanish, Canadian French, American English;2017-10-20;2017;10;nintendo;nintendo_details_2025-11-23.csv;2025-11-23 13:58:43;9999-12-31 23:59:59;2025-11-23 13:58:43;0;4676
158;Pokkén Tournament™ DX;59.99;Nintendo Switch: 4 GB , Nintendo Switch 2: 4 GB;TV mode , Tabletop mode , Handheld mode;Single System (1-2) , Online (2-);Fighting;Nintendo Switch;Nintendo;;Japanese, British English, French, German, Italian, Spanish, Latin American Spanish, Canadian French, American English;2017-09-22;2017;9;nintendo;nintendo_details_2025-11-23.csv;2025-11-23 13:58:43;9999-12-31 23:59:59;2025-11-23 13:58:43;0;4648
159;Metroid Prime™ 4: Beyond;59.99;Nintendo Switch: 28.9 GB , Nintendo Switch 2: 28.9 GB;TV mode , Tabletop mode , Handheld mode;;;Nintendo Switch;Nintendo;;Japanese, British English, French, German, Italian, Spanish, Korean, Dutch, Simplified Chinese, Latin American Spanish, Canadian French, Brazilian Portuguese, Traditional Chinese, American English;2025-12-04;2025;12;nintendo;nintendo_details_2025-11-23.csv;2025-11-23 13:58:43;9999-12-31 23:59:59;2025-11-23 13:58:43;0;7643
160;Kirby™ Air Riders;69.99;21.7 GB;TV mode , Tabletop mode , Handheld mode;;Action , Party , Racing;Nintendo Switch 2;Nintendo;;Japanese, British English, French, German, Italian, Spanish, Korean, Dutch, Simplified Chinese, Latin American Spanish, Canadian French, Brazilian Portuguese, Traditional Chinese, American English;2025-11-20;2025;11;nintendo;nintendo_details_2025-11-23.csv;2025-11-23 13:58:43;9999-12-31 23:59:59;2025-11-23 13:58:43;0;7629
161;Hyrule Warriors: Age of Imprisonment;69.99;43.4 GB;TV mode , Tabletop mode , Handheld mode;;Action;Nintendo Switch 2;Nintendo;;Japanese, French, German, Italian, Spanish, Korean, Dutch, Simplified Chinese, Latin American Spanish, Canadian French, Traditional Chinese, American English;2025-11-06;2025;11;nintendo;nintendo_details_2025-11-23.csv;2025-11-23 13:58:43;9999-12-31 23:59:59;2025-11-23 13:58:43;0;7615
162;Pokémon™ Legends: Z-A – Nintendo Switch™ 2 Edition;69.99;Nintendo Switch: 4.1 GB , Nintendo Switch 2: 7.7 GB;TV mode , Tabletop mode , Handheld mode;;Action , Role playing;Nintendo Switch 2;Nintendo;;Japanese, French, German, Italian, Spanish, Korean, Simplified Chinese, Latin American Spanish, Canadian French, Traditional Chinese, American English;2025-10-16;2025;10;nintendo;nintendo_details_2025-11-23.csv;2025-11-23 13:58:43;9999-12-31 23:59:59;2025-11-23 13:58:43;0;7594
163;Pokémon™ Legends: Z-A;59.99;Nintendo Switch: 4.1 GB , Nintendo Switch 2: 7.7 GB;TV mode , Tabletop mode , Handheld mode;;Action , Role playing;Nintendo Switch;Nintendo;;Japanese, French, German, Italian, Spanish, Korean, Simplified Chinese, Latin American Spanish, Canadian French, Traditional Chinese, American English;2025-10-16;2025;10;nintendo;nintendo_details_2025-11-23.csv;2025-11-23 13:58:43;9999-12-31 23:59:59;2025-11-23 13:58:43;0;7594
164;Super Mario Galaxy™ 2;39.99;Nintendo Switch: 2.8 GB , Nintendo Switch 2: 2.9 GB;TV mode , Tabletop mode , Handheld mode;Single System (1-2);Action , Adventure;Nintendo Switch;Nintendo;;Japanese, British English, French, German, Italian, Spanish, Korean, Dutch, Simplified Chinese, Latin American Spanish, Canadian French, Brazilian Portuguese, Traditional Chinese, American English;2025-10-02;2025;10;nintendo;nintendo_details_2025-11-23.csv;2025-11-23 13:58:43;9999-12-31 23:59:59;2025-11-23 13:58:43;0;7580
165;Super Mario Galaxy™;39.99;Nintendo Switch: 3.7 GB , Nintendo Switch 2: 3.7 GB;TV mode , Tabletop mode , Handheld mode;Single System (1-2);Action , Adventure;Nintendo Switch;Nintendo;;Japanese, British English, French, German, Italian, Spanish, Korean, Dutch, Simplified Chinese, Latin American Spanish, Canadian French, Brazilian Portuguese, Traditional Chinese, American English;2025-10-02;2025;10;nintendo;nintendo_details_2025-11-23.csv;2025-11-23 13:58:43;9999-12-31 23:59:59;2025-11-23 13:58:43;0;7580
166;Kirby™ and the Forgotten Land – Nintendo Switch™ 2 Edition + Star-Crossed World;79.99;Nintendo Switch: 5.8 GB , Nintendo Switch 2: 16.7 GB;TV mode , Tabletop mode , Handheld mode;Single System (1-2) , Online (1-);Action , Adventure;Nintendo Switch 2;Nintendo;;Japanese, British English, French, German, Italian, Spanish, Korean, Dutch, Simplified Chinese, Latin American Spanish, Canadian French, Traditional Chinese, American English;2025-08-28;2025;8;nintendo;nintendo_details_2025-11-23.csv;2025-11-23 13:58:43;9999-12-31 23:59:59;2025-11-23 13:58:43;0;7545
167;Drag x Drive™;19.99;1.9 GB;TV mode , Tabletop mode;;Action , Sports;Nintendo Switch 2;Nintendo;;Japanese, British English, French, German, Italian, Spanish, Korean, Dutch, Simplified Chinese, Latin American Spanish, Canadian French, Brazilian Portuguese, Traditional Chinese, American English;2025-08-14;2025;8;nintendo;nintendo_details_2025-11-23.csv;2025-11-23 13:58:43;9999-12-31 23:59:59;2025-11-23 13:58:43;0;7531
168;Super Mario Party™ Jamboree – Nintendo Switch™ 2 Edition + Jamboree TV;79.99;Nintendo Switch: 5.4 GB , Nintendo Switch 2: 12.6 GB;TV mode , Tabletop mode , Handheld mode;Single System (1-4) , Online (1-20);Action , Party , Tabletop;Nintendo Switch 2;Nintendo;;Japanese, British English, French, German, Italian, Spanish, Korean, Dutch, Russian, Simplified Chinese, Latin American Spanish, Canadian French, Brazilian Portuguese, Traditional Chinese, American English;2025-07-24;2025;7;nintendo;nintendo_details_2025-11-23.csv;2025-11-23 13:58:43;9999-12-31 23:59:59;2025-11-23 13:58:43;0;7510
169;Pokémon™ Friends;9.99;Nintendo Switch: 871 MB , Nintendo Switch 2: 871 MB;TV mode , Tabletop mode , Handheld mode;;Puzzle;Nintendo Switch;Nintendo;;Japanese, French, German, Italian, Spanish, Korean, Simplified Chinese, Traditional Chinese, American English;2025-07-22;2025;7;nintendo;nintendo_details_2025-11-23.csv;2025-11-23 13:58:43;9999-12-31 23:59:59;2025-11-23 13:58:43;0;7508
170;Donkey Kong™ Bananza;69.99;8.9 GB;TV mode , Tabletop mode , Handheld mode;Single System (1-2);Action , Adventure;Nintendo Switch 2;Nintendo;;Japanese, British English, French, German, Italian, Spanish, Korean, Dutch, Russian, Simplified Chinese, Latin American Spanish, Canadian French, Brazilian Portuguese, Traditional Chinese, American English;2025-07-17;2025;7;nintendo;nintendo_details_2025-11-23.csv;2025-11-23 13:58:43;9999-12-31 23:59:59;2025-11-23 13:58:43;0;7503
171;The Legend of Zelda™: Breath of the Wild – Nintendo Switch™ 2 Edition Upgrade Pack;9.99;9.6 GB;;;;Nintendo Switch 2;Nintendo;;;2025-06-05;2025;6;nintendo;nintendo_details_2025-11-23.csv;2025-11-23 13:58:43;9999-12-31 23:59:59;2025-11-23 13:58:43;0;7461
172;The Legend of Zelda™: Tears of the Kingdom – Nintendo Switch™ 2 Edition Upgrade Pack;9.99;3.5 GB;;;;Nintendo Switch 2;Nintendo;;;2025-06-05;2025;6;nintendo;nintendo_details_2025-11-23.csv;2025-11-23 13:58:43;9999-12-31 23:59:59;2025-11-23 13:58:43;0;7461
173;The Legend of Zelda™: Tears of the Kingdom – Nintendo Switch™ 2 Edition;79.99;Nintendo Switch: 16.5 GB , Nintendo Switch 2: 20.1 GB;TV mode , Tabletop mode , Handheld mode;;Action , Adventure;Nintendo Switch 2;Nintendo;Nintendo;Japanese, British English, French, German, Italian, Spanish, Korean, Dutch, Russian, Simplified Chinese, Latin American Spanish, Canadian French, Brazilian Portuguese, Traditional Chinese, American English;2025-06-05;2025;6;nintendo;nintendo_details_2025-11-23.csv;2025-11-23 13:58:43;9999-12-31 23:59:59;2025-11-23 13:58:43;0;7461
174;The Legend of Zelda™: Breath of the Wild – Nintendo Switch™ 2 Edition;69.99;Nintendo Switch: 14.4 GB , Nintendo Switch 2: 24.1 GB;TV mode , Tabletop mode , Handheld mode;;Action , Adventure;Nintendo Switch 2;Nintendo;Nintendo;Japanese, British English, French, German, Italian, Spanish, Korean, Dutch, Russian, Simplified Chinese, Latin American Spanish, Canadian French, Brazilian Portuguese, Traditional Chinese, American English;2025-06-05;2025;6;nintendo;nintendo_details_2025-11-23.csv;2025-11-23 13:58:43;9999-12-31 23:59:59;2025-11-23 13:58:43;0;7461
175;Nintendo Switch™ 2 Welcome Tour;9.99;1.7 GB;TV mode , Tabletop mode , Handheld mode;;Adventure , Education , Simulation;Nintendo Switch 2;Nintendo;;Japanese, British English, French, German, Italian, Spanish, Korean, Dutch, Simplified Chinese, Latin American Spanish, Canadian French, Brazilian Portuguese, Traditional Chinese, American English;2025-06-05;2025;6;nintendo;nintendo_details_2025-11-23.csv;2025-11-23 13:58:43;9999-12-31 23:59:59;2025-11-23 13:58:43;0;7461
176;Nintendo GameCube™ – Nintendo Classics;0.00;7.3 GB;TV mode , Tabletop mode , Handheld mode;Single System (1-4) , Online (1-4);;Nintendo Switch 2;Nintendo;Nintendo;British English, French, German, Italian, Spanish, Korean, Dutch, Portuguese, Russian, Latin American Spanish, Canadian French, Brazilian Portuguese, American English;2025-06-05;2025;6;nintendo;nintendo_details_2025-11-23.csv;2025-11-23 13:58:43;9999-12-31 23:59:59;2025-11-23 13:58:43;0;7461
177;Mario Kart™ World;79.99;21.9 GB;TV mode , Tabletop mode , Handheld mode;Single System (1-4) , Online (2-24);Party , Racing;Nintendo Switch 2;Nintendo;Nintendo;Japanese, British English, French, German, Italian, Spanish, Korean, Dutch, Portuguese, Russian, Simplified Chinese, Latin American Spanish, Canadian French, Brazilian Portuguese, Traditional Chinese, American English;2025-06-05;2025;6;nintendo;nintendo_details_2025-11-23.csv;2025-11-23 13:58:43;9999-12-31 23:59:59;2025-11-23 13:58:43;0;7461
178;Xenoblade Chronicles™ X: Definitive Edition;59.99;Nintendo Switch: 13.5 GB , Nintendo Switch 2: 13.5 GB;TV mode , Tabletop mode , Handheld mode;;Action , Role playing;Nintendo Switch;Nintendo;;Japanese, French, German, Italian, Spanish, Korean, Simplified Chinese, Traditional Chinese, American English;2025-03-20;2025;3;nintendo;nintendo_details_2025-11-23.csv;2025-11-23 13:58:43;9999-12-31 23:59:59;2025-11-23 13:58:43;0;7384
179;Donkey Kong Country™ Returns HD;59.99;Nintendo Switch: 8.3 GB , Nintendo Switch 2: 8.3 GB;TV mode , Tabletop mode , Handheld mode;Single System (1-2);Action;Nintendo Switch;Nintendo;;Japanese, British English, French, German, Italian, Spanish, Korean, Dutch, Simplified Chinese, Latin American Spanish, Canadian French, Traditional Chinese, American English;2025-01-16;2025;1;nintendo;nintendo_details_2025-11-23.csv;2025-11-23 13:58:43;9999-12-31 23:59:59;2025-11-23 13:58:43;0;7321
180;Fitness Boxing 3: Your Personal Trainer;49.99;Nintendo Switch: 3.7 GB , Nintendo Switch 2: 3.7 GB;TV mode , Tabletop mode;Single System (1-2);Sports , Training;Nintendo Switch;Nintendo;;Japanese, British English, French, German, Italian, Spanish, Korean, Simplified Chinese, Latin American Spanish, Canadian French, Brazilian Portuguese, Traditional Chinese, American English;2024-12-05;2024;12;nintendo;nintendo_details_2025-11-23.csv;2025-11-23 13:58:43;9999-12-31 23:59:59;2025-11-23 13:58:43;0;7279
181;Mario & Luigi™: Brothership;59.99;Nintendo Switch: 10 GB , Nintendo Switch 2: 10 GB;TV mode , Tabletop mode , Handheld mode;;Action , Role playing;Nintendo Switch;Nintendo;;Japanese, British English, French, German, Italian, Spanish, Korean, Dutch, Simplified Chinese, Latin American Spanish, Canadian French, Brazilian Portuguese, Traditional Chinese, American English;2024-11-07;2024;11;nintendo;nintendo_details_2025-11-23.csv;2025-11-23 13:58:43;9999-12-31 23:59:59;2025-11-23 13:58:43;0;7251
182;Super Mario Party™ Jamboree;59.99;Nintendo Switch: 5.4 GB , Nintendo Switch 2: 5.6 GB;TV mode , Tabletop mode , Handheld mode;Single System (1-4) , Online (1-20);Action , Party , Tabletop;Nintendo Switch;Nintendo;;Japanese, British English, French, German, Italian, Spanish, Korean, Dutch, Russian, Simplified Chinese, Latin American Spanish, Canadian French, Brazilian Portuguese, Traditional Chinese, American English;2024-10-17;2024;10;nintendo;nintendo_details_2025-11-23.csv;2025-11-23 13:58:43;9999-12-31 23:59:59;2025-11-23 13:58:43;0;7230
183;The Legend of Zelda™: Echoes of Wisdom;59.99;Nintendo Switch: 5.6 GB , Nintendo Switch 2: 5.7 GB;TV mode , Tabletop mode , Handheld mode;;Action , Adventure;Nintendo Switch;Nintendo;;Japanese, British English, French, German, Italian, Spanish, Korean, Dutch, Russian, Simplified Chinese, Latin American Spanish, Canadian French, Brazilian Portuguese, Traditional Chinese, American English;2024-09-26;2024;9;nintendo;nintendo_details_2025-11-23.csv;2025-11-23 13:58:43;9999-12-31 23:59:59;2025-11-23 13:58:43;0;7209
184;Age verification;;;;;;;;;;;;;nintendo;nintendo_details_2025-11-23.csv;2025-11-23 13:58:43;9999-12-31 23:59:59;2025-11-23 13:58:43;0;-1
185;Nintendo World Championships: NES™ Edition;29.99;Nintendo Switch: 435 MB , Nintendo Switch 2: 435 MB;TV mode , Tabletop mode , Handheld mode;Single System (1-8) , Online (1-);Action , Party;Nintendo Switch;Nintendo;;Japanese, British English, French, German, Italian, Spanish, Korean, Dutch, Simplified Chinese, Latin American Spanish, Canadian French, Brazilian Portuguese, Traditional Chinese, American English;2024-07-18;2024;7;nintendo;nintendo_details_2025-11-23.csv;2025-11-23 13:58:43;9999-12-31 23:59:59;2025-11-23 13:58:43;0;7139
186;Luigi's Mansion™ 2 HD;59.99;Nintendo Switch: 3 GB , Nintendo Switch 2: 3 GB;TV mode , Tabletop mode , Handheld mode;;Action , Adventure;Nintendo Switch;Nintendo;;Japanese, British English, French, German, Italian, Spanish, Korean, Dutch, Portuguese, Russian, Simplified Chinese, Latin American Spanish, Canadian French, Traditional Chinese, American English;2024-06-27;2024;6;nintendo;nintendo_details_2025-11-23.csv;2025-11-23 13:58:43;9999-12-31 23:59:59;2025-11-23 13:58:43;0;7118
187;Age verification;59.99;;;;;;;;;;;;nintendo;nintendo_details_2025-11-23.csv;2025-11-23 13:58:43;9999-12-31 23:59:59;2025-11-23 13:58:43;0;-1
188;Paper Mario™: The Thousand-Year Door;59.99;Nintendo Switch: 5.1 GB , Nintendo Switch 2: 5.1 GB;TV mode , Tabletop mode , Handheld mode;;Action , Role playing;Nintendo Switch;Nintendo;;Japanese, British English, French, German, Italian, Spanish, Korean, Dutch, Simplified Chinese, Latin American Spanish, Canadian French, Traditional Chinese, American English;2024-05-23;2024;5;nintendo;nintendo_details_2025-11-23.csv;2025-11-23 13:58:43;9999-12-31 23:59:59;2025-11-23 13:58:43;0;7083
189;Game Boy™ – Nintendo Switch Online;0.00;Nintendo Switch: 146 MB , Nintendo Switch 2: 146 MB;TV mode , Tabletop mode , Handheld mode;;;Nintendo Switch;Nintendo;;British English, French, German, Italian, Spanish, Korean, Dutch, Portuguese, Russian, Latin American Spanish, Canadian French, American English;2023-02-08;2023;2;nintendo;nintendo_details_2025-11-23.csv;2025-11-23 13:58:43;9999-12-31 23:59:59;2025-11-23 13:58:43;0;6613
190;Fire Emblem™ Engage;59.99;Nintendo Switch: 16.6 GB , Nintendo Switch 2: 16.6 GB;TV mode , Tabletop mode , Handheld mode;;Role playing , Strategy;Nintendo Switch;Nintendo;Nintendo;Japanese, British English, French, German, Italian, Spanish, Korean, Simplified Chinese, Latin American Spanish, Traditional Chinese, American English;2023-01-20;2023;1;nintendo;nintendo_details_2025-11-23.csv;2025-11-23 13:58:43;9999-12-31 23:59:59;2025-11-23 13:58:43;0;6594
191;Pokémon™ Scarlet and Pokémon™ Violet Double Pack;119.99;;;;Role playing;Nintendo Switch;Nintendo;;;2022-11-18;2022;11;nintendo;nintendo_details_2025-11-23.csv;2025-11-23 13:58:43;9999-12-31 23:59:59;2025-11-23 13:58:43;0;6531
192;Pokémon™ Violet;59.99;Nintendo Switch: 9.9 GB , Nintendo Switch 2: 10.1 GB;TV mode , Tabletop mode , Handheld mode;;Role playing;Nintendo Switch;Nintendo;Nintendo;Japanese, French, German, Italian, Spanish, Korean, Simplified Chinese, Traditional Chinese, American English;2022-11-18;2022;11;nintendo;nintendo_details_2025-11-23.csv;2025-11-23 13:58:43;9999-12-31 23:59:59;2025-11-23 13:58:43;0;6531
193;Pokémon™ Scarlet;59.99;Nintendo Switch: 9.9 GB , Nintendo Switch 2: 10.1 GB;TV mode , Tabletop mode , Handheld mode;;Role playing;Nintendo Switch;Nintendo;Nintendo;Japanese, French, German, Italian, Spanish, Korean, Simplified Chinese, Traditional Chinese, American English;2022-11-18;2022;11;nintendo;nintendo_details_2025-11-23.csv;2025-11-23 13:58:43;9999-12-31 23:59:59;2025-11-23 13:58:43;0;6531
194;Splatoon™ 3;59.99;Nintendo Switch: 9.9 GB , Nintendo Switch 2: 9.9 GB;TV mode , Tabletop mode , Handheld mode;;Action , Shooting;Nintendo Switch;Nintendo;Nintendo;Japanese, French, German, Italian, Spanish, Korean, Dutch, Russian, Simplified Chinese, Traditional Chinese, American English;2022-09-09;2022;9;nintendo;nintendo_details_2025-11-23.csv;2025-11-23 13:58:43;9999-12-31 23:59:59;2025-11-23 13:58:43;0;6461
195;Kirby’s Dream Buffet™;14.99;Nintendo Switch: 1.2 GB , Nintendo Switch 2: 1.2 GB;TV mode , Tabletop mode , Handheld mode;Single System (1-2) , Online (1-4);Action , Racing;Nintendo Switch;Nintendo;Nintendo;Japanese, British English, French, German, Italian, Spanish, Korean, Dutch, Simplified Chinese, Latin American Spanish, Canadian French, Brazilian Portuguese, Traditional Chinese, American English;2022-08-17;2022;8;nintendo;nintendo_details_2025-11-23.csv;2025-11-23 13:58:43;9999-12-31 23:59:59;2025-11-23 13:58:43;0;6438
196;Xenoblade Chronicles™ 3;59.99;Nintendo Switch: 14.4 GB , Nintendo Switch 2: 14.4 GB;TV mode , Tabletop mode , Handheld mode;;Action , Role playing;Nintendo Switch;Nintendo;Nintendo;Japanese, British English, French, German, Italian, Spanish, Korean, Simplified Chinese, Traditional Chinese;2022-07-29;2022;7;nintendo;nintendo_details_2025-11-23.csv;2025-11-23 13:58:43;9999-12-31 23:59:59;2025-11-23 13:58:43;0;6419
197;LIVE A LIVE;49.99;Nintendo Switch: 4.7 GB , Nintendo Switch 2: 4.7 GB;TV mode , Tabletop mode , Handheld mode;;Role playing;Nintendo Switch;Nintendo;Nintendo;Japanese, French, German, Italian, Spanish, Korean, Simplified Chinese, Traditional Chinese, American English;2022-07-22;2022;7;nintendo;nintendo_details_2025-11-23.csv;2025-11-23 13:58:43;9999-12-31 23:59:59;2025-11-23 13:58:43;0;6412
198;Fire Emblem Warriors: Three Hopes;59.99;Nintendo Switch: 13.5 GB , Nintendo Switch 2: 13.5 GB;TV mode , Tabletop mode , Handheld mode;Single System (1-2);Action , Strategy;Nintendo Switch;Nintendo;Nintendo;Japanese, French, German, Italian, Spanish, Korean, Simplified Chinese, Latin American Spanish, Traditional Chinese, American English;2022-06-24;2022;6;nintendo;nintendo_details_2025-11-23.csv;2025-11-23 13:58:43;9999-12-31 23:59:59;2025-11-23 13:58:43;0;6384
199;Mario Strikers™: Battle League;29.99;Nintendo Switch: 2.8 GB , Nintendo Switch 2: 2.8 GB;TV mode , Tabletop mode , Handheld mode;Single System (1-8) , Online (1-8);Action , Sports;Nintendo Switch;Nintendo;Nintendo;Japanese, British English, French, German, Italian, Spanish, Korean, Dutch, Portuguese, Russian, Simplified Chinese, Latin American Spanish, Canadian French, Brazilian Portuguese, Traditional Chinese, American English;2022-06-10;2022;6;nintendo;nintendo_details_2025-11-23.csv;2025-11-23 13:58:43;9999-12-31 23:59:59;2025-11-23 13:58:43;0;6370
